idVenta,idCliente,idVendedor,fechaHora,tipoVenta,metodoPago,subtotal,descuento,total,estado
1,0,1,2026-05-06 10:30:00,INSTANTANEA,EFECTIVO,240.0,0.0,240.0,COMPLETADA
2,0,3,2026-05-06 11:45:00,INSTANTANEA,TARJETA,180.0,10.0,162.0,COMPLETADA
3,0,5,2026-05-06 14:20:00,PEDIDO,CREDITO,1200.0,0.0,1200.0,PENDIENTE
4,0,1,2026-05-07 09:15:00,INSTANTANEA,EFECTIVO,560.0,5.0,532.0,COMPLETADA
5,0,3,2026-05-07 16:30:00,PEDIDO,TARJETA,850.0,0.0,850.0,PENDIENTE
6,0,3,2026-05-08 18:22:20,PEDIDO,TARJETA,915.5,10.0,823.95,COMPLETADA
7,0,3,2026-05-08 18:25:49,INSTANTANEA,EFECTIVO,24660.0,0.0,24660.0,COMPLETADA
8,0,3,2026-05-08 18:45:43,INSTANTANEA,EFECTIVO,47760.0,0.0,47760.0,COMPLETADA
9,2,3,2026-05-09 01:02:11,INSTANTANEA,EFECTIVO,775.0,0.0,775.0,COMPLETADA
